rank,title,gross,year
1,Gone with the Wind,"$3,739,000,000",1939
2,Avatar,"$3,286,000,000",2009
3,Titanic,"$3,108,000,000",1997
4,Star Wars,"$3,071,000,000",1977
5,Avengers: Endgame,"$2,823,000,000",2019
6,The Sound of Music,"$2,572,000,000",1965
7,E.T. the Extra-Terrestrial,"$2,511,000,000",1982
8,The Ten Commandments,"$2,377,000,000",1956
9,Doctor Zhivago,"$2,253,000,000",1965
10,Star Wars: The Force Awakens,"$2,221,000,000",2015
